{
  "timestamp": "2025-07-29T16:42:57.659882",
  "parameters": {
    "n_levels": 6,
    "img_size": [
      64,
      64
    ],
    "device": "cuda",
    "image_count": 71
  },
  "severity_thresholds": [
    54.969034719472084,
    57.97554733602346,
    59.49150943840225,
    61.313036009836004,
    62.482046776603724,
    63.74484508107082,
    68.91792640746777
  ],
  "severity_levels": [
    "Level_1",
    "Level_2",
    "Level_3",
    "Level_4",
    "Level_5",
    "Level_6"
  ],
  "training_history": {
    "train_losses": [
      2.603143960237503,
      3.057921290397644,
      2.340255528688431,
      2.4116408824920654,
      2.446353018283844,
      1.9444597959518433,
      2.0751863420009613,
      1.7371342778205872,
      1.708827942609787,
      1.79791659116745,
      1.892751306295395,
      1.6531647741794586,
      1.8771104514598846,
      1.5707593858242035,
      1.6378182768821716,
      1.6439593732357025
    ],
    "train_accuracies": [
      12.5,
      17.857142857142858,
      21.428571428571427,
      17.857142857142858,
      16.071428571428573,
      17.857142857142858,
      10.714285714285714,
      25.0,
      37.5,
      30.357142857142858,
      21.428571428571427,
      35.714285714285715,
      25.0,
      30.357142857142858,
      30.357142857142858,
      35.714285714285715
    ],
    "val_losses": [
      1.7764006853103638,
      1.7647289037704468,
      1.7590619325637817,
      1.6999878883361816,
      1.6271859407424927,
      1.572571873664856,
      1.5242938995361328,
      1.573811411857605,
      1.5817996263504028,
      1.5885851383209229,
      1.5985478162765503,
      1.6085046529769897,
      1.611558198928833,
      1.6221144199371338,
      1.6207033395767212,
      1.627917766571045
    ],
    "val_accuracies": [
      13.333333333333334,
      26.666666666666668,
      20.0,
      20.0,
      20.0,
      33.333333333333336,
      33.333333333333336,
      33.333333333333336,
      26.666666666666668,
      20.0,
      20.0,
      20.0,
      26.666666666666668,
      26.666666666666668,
      20.0,
      20.0
    ],
    "best_val_acc": 33.333333333333336
  },
  "final_accuracy": 0.2,
  "best_validation_accuracy": 33.333333333333336
}