{
  "timestamp": "2025-07-29 15:55:58",
  "training_parameters": {
    "epochs": 40,
    "learning_rate": 0.001,
    "batch_size": 16,
    "image_size": [
      64,
      64
    ],
    "device": "cuda"
  },
  "best_validation_accuracy": 79.06976744186046,
  "final_training_accuracy": 74.375,
  "final_validation_accuracy": 76.74418604651163,
  "training_history": {
    "train_loss": [
      0.6271380722522736,
      0.578991848230362,
      0.5769795417785645,
      0.6048842132091522,
      0.5746072500944137,
      0.5835752487182617,
      0.5487876385450363,
      0.5635713547468185,
      0.5587531924247742,
      0.5224155575037003,
      0.568377211689949
    ],
    "train_acc": [
      63.125,
      78.75,
      74.375,
      75.625,
      73.125,
      73.75,
      70.0,
      70.625,
      72.5,
      75.625,
      74.375
    ],
    "val_loss": [
      0.5398418804009756,
      0.8211518824100494,
      0.5896917581558228,
      0.5378597478071848,
      0.6344661364952723,
      0.5769543200731277,
      0.5180941025416056,
      0.5187387764453888,
      0.5094663798809052,
      0.5031458040078481,
      0.5107604463895162
    ],
    "val_acc": [
      79.06976744186046,
      60.46511627906977,
      72.09302325581395,
      72.09302325581395,
      76.74418604651163,
      76.74418604651163,
      69.76744186046511,
      76.74418604651163,
      72.09302325581395,
      74.4186046511628,
      76.74418604651163
    ]
  }
}